Filename, Energy, Contrast, Homogenity, IDM, Entropy, Mean1, Cluster Shade, Cluster Prominence, Shapes Detected, Circle, Triangle, Rectangle, Pentagon, Hexagon, Irregular Small, Irregular Large, Circle Area, Triangle Area, Rectangle Area, Pentagon Area, Hexagon Area, Irreg. S. Area, Irreg. L Area
20180707-IMG_1461__0,0.604991,475.948547,0.963298,0.024974,0.377461,55.284637,16210541.000000,6903156736.000000,64,2,1,3,2,1,34,21,8344.000000,55110.000000,2284.166748,39509.000000,1081.000000,475.6911628571.000000
20180707-IMG_1461__1,0.958021,91.302719,0.994271,0.004222,0.063146,4.014411,1954752.875000,980605120.000000,20,1,0,1,0,0,8,10,0.000000,inf,0.000000,-nan(ind),inf,459.5000005151.649902
20180707-IMG_1461__2,0.504669,654.494263,0.947399,0.036025,0.470795,76.745155,18290304.000000,7385731072.000000,77,5,0,2,1,2,38,29,0.000000,inf,5122.500000,17721.000000,4492.750000,468.34210232409.449219
20180707-IMG_1461__3,0.664896,411.464325,0.964565,0.024592,0.341594,42.774982,14616867.000000,6525106688.000000,60,3,0,1,0,3,26,27,0.000000,inf,0.000000,inf,2258.500000,552.6923222666.222168
